Chromosome,Position,Reference,Alternative,SNP_ID,Gene,Start_position,End_position,ProteinName,SNP.Frequency.Q200.AF90,04_T20.LA.1,05_T20.LA.2,06_T20.LA.3,07_T20.LA.4,08_T20.LA.5,09_T10.LB.1,10_T20.LB.1,12_T20.LB.3,14_T20.LB.5,16_T20.LC.1,17_T20.LC.2,18_T20.LC.3,20_T20.LC.5,34_U20.LD.2,36_U20.LE.2,37_U20.LF.1,38_U20.LF.2
USMA_521_v2_18,330272,C,A,USMA_521_v2_18-330272-C-A-1,UMAG_05545,328759,331155,Histone-lysine N-methyltransferase,6,1,1,1,0,0,1,0,0,0,1,0,1,0,0,0,0,0
USMA_521_v2_8,464088,T,A,USMA_521_v2_8-464088-T-A-1,UMAG_10823,463697,464216,Long chronological lifespan protein 2,2,0,0,0,0,0,0,0,0,0,1,0,1,0,0,0,0,0
USMA_521_v2_24,15246,G,A,USMA_521_v2_24-15246-G-A-1,Intergenic,NA,NA,NA,2,0,0,0,0,0,0,0,0,0,1,0,1,0,0,0,0,0
USMA_521_v2_6,422186,C,A,USMA_521_v2_6-422186-C-A-1,UMAG_10293,420291,422615,9861,1,1,0,0,0,0,0,0,0,0,0,0,0,0,0,0,0,0
USMA_521_v2_7,106141,G,T,USMA_521_v2_7-106141-G-T-1,UMAG_11482,106139,107212,Putative Ubiquitin-conjugating enzyme E2,1,1,0,0,0,0,0,0,0,0,0,0,0,0,0,0,0,0
USMA_521_v2_10,29678,G,A,USMA_521_v2_10-29678-G-A-1,UMAG_03645,28083,29771,GH16 domain-containing protein,1,1,0,0,0,0,0,0,0,0,0,0,0,0,0,0,0,0
USMA_521_v2_15,425843,C,T,USMA_521_v2_15-425843-C-T-1,UMAG_05022,424798,429801,Non-specific serine/threonine protein kinase (EC 2.7.11.1),1,0,0,0,1,0,0,0,0,0,0,0,0,0,0,0,0,0
USMA_521_v2_8,193967,C,T,USMA_521_v2_8-193967-C-T-1,UMAG_10396,191011,194309,ERCC4 domain-containing protein,1,0,0,0,0,1,0,0,0,0,0,0,0,0,0,0,0,0
USMA_521_v2_17,546384,C,T,USMA_521_v2_17-546384-C-T-1,Intergenic,NA,NA,NA,1,0,0,0,0,1,0,0,0,0,0,0,0,0,0,0,0,0
USMA_521_v2_2,1719805,G,T,USMA_521_v2_2-1719805-G-T-1,UMAG_01390,1719210,1720863,HMG box domain-containing protein,1,0,0,0,0,0,0,1,0,0,0,0,0,0,0,0,0,0
USMA_521_v2_4,666509,C,T,USMA_521_v2_4-666509-C-T-1,UMAG_06294,665382,667037,WD_REPEATS_REGION domain-containing protein,1,0,0,0,0,0,0,1,0,0,0,0,0,0,0,0,0,0
USMA_521_v2_11,325426,A,C,USMA_521_v2_11-325426-A-C-1,UMAG_03972,325020,326768,54S ribosomal protein L35,1,0,0,0,0,0,0,1,0,0,0,0,0,0,0,0,0,0
USMA_521_v2_21,294513,G,A,USMA_521_v2_21-294513-G-A-1,UMAG_06084,294378,295303,GPR1/FUN34/yaaH family-domain-containing protein,1,0,0,0,0,0,0,1,0,0,0,0,0,0,0,0,0,0
USMA_521_v2_2,1003811,C,T,USMA_521_v2_2-1003811-C-T-1,UMAG_01141,1002081,1008668,Diaphanous related Formin,1,0,0,0,0,0,0,0,1,0,0,0,0,0,0,0,0,0
USMA_521_v2_6,19532,T,A,USMA_521_v2_6-19532-T-A-1,Intergenic,NA,NA,NA,1,0,0,0,0,0,0,0,1,0,0,0,0,0,0,0,0,0
USMA_521_v2_14,320210,T,A,USMA_521_v2_14-320210-T-A-1,Intergenic,NA,NA,NA,1,0,0,0,0,0,0,0,1,0,0,0,0,0,0,0,0,0
USMA_521_v2_22,194991,A,G,USMA_521_v2_22-194991-A-G-1,UMAG_06210,194543,197023,Arsenite-resistance protein 2,1,0,0,0,0,0,0,0,1,0,0,0,0,0,0,0,0,0
USMA_521_v2_23,323817,C,T,USMA_521_v2_23-323817-C-T-1,UMAG_06461,322134,326282,ABC-type transporter atr1 (Ustilagic acid biosynthesis cluster protein atr1),1,0,0,0,0,0,0,0,1,0,0,0,0,0,0,0,0,0
USMA_521_v2_3,1408451,C,A,USMA_521_v2_3-1408451-C-A-1,Intergenic,NA,NA,NA,1,0,0,0,0,0,0,0,0,1,0,0,0,0,0,0,0,0
USMA_521_v2_22,362952,C,T,USMA_521_v2_22-362952-C-T-1,Intergenic,NA,NA,NA,1,0,0,0,0,0,0,0,0,1,0,0,0,0,0,0,0,0
USMA_521_v2_1,2430690,G,C,USMA_521_v2_1-2430690-G-C-1,UMAG_00813,2430525,2432966,Pyr_redox_2 domain-containing protein,1,0,0,0,0,0,0,0,0,0,1,0,0,0,0,0,0,0
USMA_521_v2_10,623352,T,A,USMA_521_v2_10-623352-T-A-1,Intergenic,NA,NA,NA,1,0,0,0,0,0,0,0,0,0,1,0,0,0,0,0,0,0
USMA_521_v2_7,451382,C,T,USMA_521_v2_7-451382-C-T-1,Intergenic,NA,NA,NA,1,0,0,0,0,0,0,0,0,0,0,1,0,0,0,0,0,0
USMA_521_v2_2,236311,G,T,USMA_521_v2_2-236311-G-T-1,Intergenic,NA,NA,NA,1,0,0,0,0,0,0,0,0,0,0,0,1,0,0,0,0,0
USMA_521_v2_3,101539,C,A,USMA_521_v2_3-101539-C-A-1,Intergenic,NA,NA,NA,1,0,0,0,0,0,0,0,0,0,0,0,1,0,0,0,0,0
USMA_521_v2_5,76058,C,G,USMA_521_v2_5-76058-C-G-1,UMAG_02050,65013,76244,UPF0648 protein,1,0,0,0,0,0,0,0,0,0,0,0,1,0,0,0,0,0
USMA_521_v2_5,1222742,G,T,USMA_521_v2_5-1222742-G-T-1,UMAG_10160,1221150,1224563,ER membrane protein complex subunit 1,1,0,0,0,0,0,0,0,0,0,0,0,1,0,0,0,0,0
USMA_521_v2_20,106401,G,T,USMA_521_v2_20-106401-G-T-1,UMAG_05834,106085,107935,NEDD8-activating enzyme E1 regulatory subunit,1,0,0,0,0,0,0,0,0,0,0,0,1,0,0,0,0,0
USMA_521_v2_11,404834,C,A,USMA_521_v2_11-404834-C-A-1,UMAG_12250,403771,407130,Zinc metalloprotease,1,0,0,0,0,0,0,0,0,0,0,0,0,1,0,0,0,0
USMA_521_v2_12,498742,T,G,USMA_521_v2_12-498742-T-G-1,UMAG_04253,496571,499864,Putative mrna export factor elf1,1,0,0,0,0,0,0,0,0,0,0,0,0,0,1,0,0,0
USMA_521_v2_12,508357,A,T,USMA_521_v2_12-508357-A-T-1,Intergenic,NA,NA,NA,1,0,0,0,0,0,0,0,0,0,0,0,0,0,1,0,0,0
USMA_521_v2_1,680919,C,T,USMA_521_v2_1-680919-C-T-1,Intergenic,NA,NA,NA,1,0,0,0,0,0,0,0,0,0,0,0,0,0,0,1,0,0
USMA_521_v2_5,11465,T,C,USMA_521_v2_5-11465-T-C-1,UMAG_06491,10518,13988,mRNA cap guanine-N7 methyltransferase (EC 2.1.1.56) (mRNA (guanine-N(7))-methyltransferase) (mRNA cap methyltransferase),1,0,0,0,0,0,0,0,0,0,0,0,0,0,0,0,1,0
USMA_521_v2_10,465379,T,G,USMA_521_v2_10-465379-T-G-1,Intergenic,NA,NA,NA,1,0,0,0,0,0,0,0,0,0,0,0,0,0,0,0,1,0
USMA_521_v2_20,462416,C,T,USMA_521_v2_20-462416-C-T-1,Intergenic,NA,NA,NA,1,0,0,0,0,0,0,0,0,0,0,0,0,0,0,0,1,0
USMA_521_v2_1,370990,T,A,USMA_521_v2_1-370990-T-A-1,UMAG_10036,369720,372149,Anaphase-promoting complex subunit 5,1,0,0,0,0,0,0,0,0,0,0,0,0,0,0,0,0,1
