CHROM,POS,REF,ALT,SNP_ID,SNP.Frequency,04_T20.LA.1,05_T20.LA.2,06_T20.LA.3,07_T20.LA.4,08_T20.LA.5,09_T10.LB.1,10_T20.LB.1,12_T20.LB.3,14_T20.LB.5,16_T20.LC.1,17_T20.LC.2,18_T20.LC.3,20_T20.LC.5,34_U20.LD.2,36_U20.LE.2,37_U20.LF.1,38_U20.LF.2
USMA_521_v2_18,330272,C,A,USMA_521_v2_18-330272-C-A-1,6,1,1,1,0,0,1,0,0,0,1,0,1,0,0,0,0,0
USMA_521_v2_4,571114,G,T,USMA_521_v2_4-571114-G-T-1,2,1,0,1,0,0,0,0,0,0,0,0,0,0,0,0,0,0
USMA_521_v2_8,464088,T,A,USMA_521_v2_8-464088-T-A-1,2,0,0,0,0,0,0,0,0,0,1,0,1,0,0,0,0,0
USMA_521_v2_24,15246,G,A,USMA_521_v2_24-15246-G-A-1,2,0,0,0,0,0,0,0,0,0,1,0,1,0,0,0,0,0
USMA_521_v2_6,422186,C,A,USMA_521_v2_6-422186-C-A-1,1,1,0,0,0,0,0,0,0,0,0,0,0,0,0,0,0,0
USMA_521_v2_7,106141,G,T,USMA_521_v2_7-106141-G-T-1,1,1,0,0,0,0,0,0,0,0,0,0,0,0,0,0,0,0
USMA_521_v2_10,29678,G,A,USMA_521_v2_10-29678-G-A-1,1,1,0,0,0,0,0,0,0,0,0,0,0,0,0,0,0,0
USMA_521_v2_15,425843,C,T,USMA_521_v2_15-425843-C-T-1,1,0,0,0,1,0,0,0,0,0,0,0,0,0,0,0,0,0
USMA_521_v2_8,193967,C,T,USMA_521_v2_8-193967-C-T-1,1,0,0,0,0,1,0,0,0,0,0,0,0,0,0,0,0,0
USMA_521_v2_17,546384,C,T,USMA_521_v2_17-546384-C-T-1,1,0,0,0,0,1,0,0,0,0,0,0,0,0,0,0,0,0
USMA_521_v2_2,1719805,G,T,USMA_521_v2_2-1719805-G-T-1,1,0,0,0,0,0,0,1,0,0,0,0,0,0,0,0,0,0
USMA_521_v2_4,666509,C,T,USMA_521_v2_4-666509-C-T-1,1,0,0,0,0,0,0,1,0,0,0,0,0,0,0,0,0,0
USMA_521_v2_11,325426,A,C,USMA_521_v2_11-325426-A-C-1,1,0,0,0,0,0,0,1,0,0,0,0,0,0,0,0,0,0
USMA_521_v2_21,294513,G,A,USMA_521_v2_21-294513-G-A-1,1,0,0,0,0,0,0,1,0,0,0,0,0,0,0,0,0,0
USMA_521_v2_2,1003811,C,T,USMA_521_v2_2-1003811-C-T-1,1,0,0,0,0,0,0,0,1,0,0,0,0,0,0,0,0,0
USMA_521_v2_6,19532,T,A,USMA_521_v2_6-19532-T-A-1,1,0,0,0,0,0,0,0,1,0,0,0,0,0,0,0,0,0
USMA_521_v2_14,320210,T,A,USMA_521_v2_14-320210-T-A-1,1,0,0,0,0,0,0,0,1,0,0,0,0,0,0,0,0,0
USMA_521_v2_22,194991,A,G,USMA_521_v2_22-194991-A-G-1,1,0,0,0,0,0,0,0,1,0,0,0,0,0,0,0,0,0
USMA_521_v2_23,323817,C,T,USMA_521_v2_23-323817-C-T-1,1,0,0,0,0,0,0,0,1,0,0,0,0,0,0,0,0,0
USMA_521_v2_3,1408451,C,A,USMA_521_v2_3-1408451-C-A-1,1,0,0,0,0,0,0,0,0,1,0,0,0,0,0,0,0,0
USMA_521_v2_22,362952,C,T,USMA_521_v2_22-362952-C-T-1,1,0,0,0,0,0,0,0,0,1,0,0,0,0,0,0,0,0
USMA_521_v2_1,2430690,G,C,USMA_521_v2_1-2430690-G-C-1,1,0,0,0,0,0,0,0,0,0,1,0,0,0,0,0,0,0
USMA_521_v2_10,623352,T,A,USMA_521_v2_10-623352-T-A-1,1,0,0,0,0,0,0,0,0,0,1,0,0,0,0,0,0,0
USMA_521_v2_7,451382,C,T,USMA_521_v2_7-451382-C-T-1,1,0,0,0,0,0,0,0,0,0,0,1,0,0,0,0,0,0
USMA_521_v2_2,236311,G,T,USMA_521_v2_2-236311-G-T-1,1,0,0,0,0,0,0,0,0,0,0,0,1,0,0,0,0,0
USMA_521_v2_3,101539,C,A,USMA_521_v2_3-101539-C-A-1,1,0,0,0,0,0,0,0,0,0,0,0,1,0,0,0,0,0
USMA_521_v2_5,76058,C,G,USMA_521_v2_5-76058-C-G-1,1,0,0,0,0,0,0,0,0,0,0,0,1,0,0,0,0,0
USMA_521_v2_5,1222742,G,T,USMA_521_v2_5-1222742-G-T-1,1,0,0,0,0,0,0,0,0,0,0,0,1,0,0,0,0,0
USMA_521_v2_20,106401,G,T,USMA_521_v2_20-106401-G-T-1,1,0,0,0,0,0,0,0,0,0,0,0,1,0,0,0,0,0
USMA_521_v2_11,404834,C,A,USMA_521_v2_11-404834-C-A-1,1,0,0,0,0,0,0,0,0,0,0,0,0,1,0,0,0,0
USMA_521_v2_6,1018245,G,T,USMA_521_v2_6-1018245-G-T-1,1,0,0,0,0,0,0,0,0,0,0,0,0,0,1,0,0,0
USMA_521_v2_6,1020303,A,G,USMA_521_v2_6-1020303-A-G-1,1,0,0,0,0,0,0,0,0,0,0,0,0,0,1,0,0,0
USMA_521_v2_12,498742,T,G,USMA_521_v2_12-498742-T-G-1,1,0,0,0,0,0,0,0,0,0,0,0,0,0,1,0,0,0
USMA_521_v2_12,508357,A,T,USMA_521_v2_12-508357-A-T-1,1,0,0,0,0,0,0,0,0,0,0,0,0,0,1,0,0,0
USMA_521_v2_1,680919,C,T,USMA_521_v2_1-680919-C-T-1,1,0,0,0,0,0,0,0,0,0,0,0,0,0,0,1,0,0
USMA_521_v2_5,11465,T,C,USMA_521_v2_5-11465-T-C-1,1,0,0,0,0,0,0,0,0,0,0,0,0,0,0,0,1,0
USMA_521_v2_10,465379,T,G,USMA_521_v2_10-465379-T-G-1,1,0,0,0,0,0,0,0,0,0,0,0,0,0,0,0,1,0
USMA_521_v2_20,462416,C,T,USMA_521_v2_20-462416-C-T-1,1,0,0,0,0,0,0,0,0,0,0,0,0,0,0,0,1,0
USMA_521_v2_1,370990,T,A,USMA_521_v2_1-370990-T-A-1,1,0,0,0,0,0,0,0,0,0,0,0,0,0,0,0,0,1
